video,start_frame,end_frame
data2.mp4,473,509
data2.mp4,541,570
data2.mp4,596,632
data2.mp4,681,710
data2.mp4,716,756
data2.mp4,1131,1175
data2.mp4,1771,1801
data2.mp4,1900,1929
data2.mp4,2026,2050
data4.mp4,53,78
data4.mp4,89,111
data4.mp4,758,787
data4.mp4,796,822
data4.mp4,824,859
data4.mp4,920,951
data4.mp4,1161,1191
data4.mp4,1195,1219
data4.mp4,1223,1252
data3.mp4,126,160
data3.mp4,327,356
data3.mp4,375,404
data3.mp4,481,508
data3.mp4,811,835
data3.mp4,838,872
data3.mp4,895,931
data3.mp4,981,1012
data3.mp4,1020,1061
data3.mp4,1332,1371
data3.mp4,1414,1439
,,
data6.mp4,67,100
data6.mp4,103,136
data6.mp4,142,168
data6.mp4,216,247
data6.mp4,292,321
data6.mp4,886,925
data7.mp4,118,160
data7.mp4,186,216
data7.mp4,370,403
data7.mp4,443,475
data7.mp4,497,523
data7.mp4,832,870
data7.mp4,870,907
data7.mp4,917,953
data7.mp4,957,984
data7.mp4,994,1023
data7.mp4,1104,1158
data7.mp4,1159,1187
kick_1.mp4,37,67
kick_10.mp4,21,45
kick_11.mp4,27,48
kick_12.mp4,1,30
kick_12.mp4,46,86
kick_13.mp4,128,169
kick_13.mp4,185,216
kick_14.mp4,9,64
kick_15.mp4,0,27
kick_16.mp4,5,31
kick_17.mp4,0,21
kick_18.mp4,51,78
kick_19.mp4,0,13
kick_19.mp4,66,87
kick_20.mp4,0,20
kick_20.mp4,59,83
kick_21.mp4,17,42
kick_3.mp4,35,68
kick_5.mp4,2,43
kick_6.mp4,1,21
kick_7.mp4,0,20
kick_9.mp4,0,20
